[{"name":"render_template.action_view","payload":{"identifier":"/Users/mubarak2507/Desktop/272_Summer/Phase3/Creamery/app/views/home/privacy.html.erb","layout":"layouts/application"},"time":"2021-08-21T23:26:32.937+03:00","transaction_id":"1ead0ae9a172dc7567b2","end":"2021-08-21T23:26:32.937+03:00","children":[],"duration":0.626},{"name":"process_action.action_controller","payload":{"controller":"HomeController","action":"privacy","params":{"controller":"home","action":"privacy"},"headers":{"SCRIPT_NAME":"","QUERY_STRING":"","SERVER_PROTOCOL":"HTTP/1.1","SERVER_SOFTWARE":"puma 3.11.0 Love Song","GATEWAY_INTERFACE":"CGI/1.2","REQUEST_METHOD":"GET","REQUEST_PATH":"/home/privacy","REQUEST_URI":"/home/privacy","HTTP_VERSION":"HTTP/1.1","HTTP_HOST":"localhost:3000","HTTP_COOKIE":"_creamery_session=NTAvNgb%2F6so2%2Fxd%2F5xQCFm1%2Bs4juS8%2FoRZ12RKOUz6N9m5WW6fNsl%2FBqgiXnJDz8QJQgIp5C90kdkdNLFORmaxbeYjXekAdtLMezbtEB%2BCdoFrrcg%2Fgijbor2ehr4bkbM98wZ6ciAfTxVM4mW98%3D--NLb3lWCrjCJCrI%2FZ--IlBN2OGdLB%2B1BAjzFjVwGw%3D%3D; BetterErrors-2.9.1-CSRF-Token=e6537df8-c0d1-452e-9568-eeef6bc64784","HTTP_CONNECTION":"keep-alive","HTTP_IF_NONE_MATCH":"W/\"9ac0f116f28b17f86df4476a474b2e54\"","HTTP_UPGRADE_INSECURE_REQUESTS":"1","HTTP_ACCEPT":"text/html,application/xhtml+xml,application/xml;q=0.9,*/*;q=0.8","HTTP_USER_AGENT":"Mozilla/5.0 (Macintosh; Intel Mac OS X 10_15_7) AppleWebKit/605.1.15 (KHTML, like Gecko) Version/14.1.1 Safari/605.1.15","HTTP_REFERER":"http://localhost:3000/home/contact","HTTP_ACCEPT_LANGUAGE":"en-us","HTTP_ACCEPT_ENCODING":"gzip, deflate","SERVER_NAME":"localhost","SERVER_PORT":"3000","PATH_INFO":"/home/privacy","REMOTE_ADDR":"127.0.0.1","ROUTES_70272221689420_SCRIPT_NAME":"","ORIGINAL_FULLPATH":"/home/privacy","ORIGINAL_SCRIPT_NAME":""},"format":"html","method":"GET","path":"/home/privacy","status":200,"view_runtime":7.11999973282218,"db_runtime":0},"time":"2021-08-21T23:26:32.928+03:00","transaction_id":"1ead0ae9a172dc7567b2","end":"2021-08-21T23:26:32.938+03:00","children":[],"duration":10.135}]