[{"name":"render_template.action_view","payload":{"identifier":"/Users/mubarak2507/Desktop/272_Summer/Phase3/Creamery/app/views/home/index.html.erb","layout":"layouts/application"},"time":"2021-08-21T23:28:59.144+03:00","transaction_id":"651952d31bc955e4eee6","end":"2021-08-21T23:28:59.148+03:00","children":[],"duration":3.9760000000000004},{"name":"process_action.action_controller","payload":{"controller":"HomeController","action":"index","params":{"controller":"home","action":"index"},"headers":{"SCRIPT_NAME":"","QUERY_STRING":"","SERVER_PROTOCOL":"HTTP/1.1","SERVER_SOFTWARE":"puma 3.11.0 Love Song","GATEWAY_INTERFACE":"CGI/1.2","REQUEST_METHOD":"GET","REQUEST_PATH":"/home/","REQUEST_URI":"/home/","HTTP_VERSION":"HTTP/1.1","HTTP_HOST":"localhost:3000","HTTP_COOKIE":"_creamery_session=9pbUayLxFj7fsRpoJiCOg9Og0KcYOd0g9%2BVhQR3%2Fk%2BPUGqpjjZ43OFN6xxGuZzwtFhnbINUfwoM5rPcNQMgkPK0pcVmuSiRyMYuH9In6V7wNBpQAy1bX5gedOonoiuwb6BiG1JhsAgU%2F3SzCu0I%3D--TUEpo4UkzY9q6xOB--69tCu8rJnyrB%2BVKcEmKVIA%3D%3D; BetterErrors-2.9.1-CSRF-Token=e6537df8-c0d1-452e-9568-eeef6bc64784","HTTP_IF_NONE_MATCH":"W/\"ba2d2ca0b129fab56f9d432e95390de8\"","HTTP_UPGRADE_INSECURE_REQUESTS":"1","HTTP_ACCEPT":"text/html,application/xhtml+xml,application/xml;q=0.9,*/*;q=0.8","HTTP_USER_AGENT":"Mozilla/5.0 (Macintosh; Intel Mac OS X 10_15_7) AppleWebKit/605.1.15 (KHTML, like Gecko) Version/14.1.1 Safari/605.1.15","HTTP_ACCEPT_LANGUAGE":"en-us","HTTP_ACCEPT_ENCODING":"gzip, deflate","HTTP_CONNECTION":"keep-alive","SERVER_NAME":"localhost","SERVER_PORT":"3000","PATH_INFO":"/home","REMOTE_ADDR":"127.0.0.1","ROUTES_70272221689420_SCRIPT_NAME":"","ORIGINAL_FULLPATH":"/home/","ORIGINAL_SCRIPT_NAME":""},"format":"html","method":"GET","path":"/home","status":200,"view_runtime":12.858000118285418,"db_runtime":0},"time":"2021-08-21T23:28:59.133+03:00","transaction_id":"651952d31bc955e4eee6","end":"2021-08-21T23:28:59.149+03:00","children":[],"duration":15.722}]