[{"name":"render_template.action_view","payload":{"identifier":"/Users/mubarak2507/Desktop/272_Summer/Phase3/Creamery/app/views/home/contact.html.erb","layout":"layouts/application"},"time":"2021-08-21T23:23:57.189+03:00","transaction_id":"a1d118a2b1f1c091b7c8","end":"2021-08-21T23:23:57.193+03:00","children":[],"duration":3.412},{"name":"process_action.action_controller","payload":{"controller":"HomeController","action":"contact","params":{"controller":"home","action":"contact"},"headers":{"SCRIPT_NAME":"","QUERY_STRING":"","SERVER_PROTOCOL":"HTTP/1.1","SERVER_SOFTWARE":"puma 3.11.0 Love Song","GATEWAY_INTERFACE":"CGI/1.2","REQUEST_METHOD":"GET","REQUEST_PATH":"/home/contact","REQUEST_URI":"/home/contact","HTTP_VERSION":"HTTP/1.1","HTTP_HOST":"localhost:3000","HTTP_COOKIE":"_creamery_session=5cBT60JYDy5BJXolyYZyy4TuBT8xino%2FMqAg7rNG8X32RGeSbfa%2BewShhaKYxkcnHPpNiljf0mJVN4gdcyzm%2FgsA1%2BOoBYYaFVTUQrQmXcopgZE236XafCYC%2Ba9XRfzElGCJmaolEujkRtIuCvw%3D--1BbXgDKDmoltPtzf--Y1Wd3yNjDlRZWEKt2SOP5A%3D%3D; BetterErrors-2.9.1-CSRF-Token=e6537df8-c0d1-452e-9568-eeef6bc64784","HTTP_IF_NONE_MATCH":"W/\"f720af13e1178fcd399fb1c7416a6bc9\"","HTTP_UPGRADE_INSECURE_REQUESTS":"1","HTTP_ACCEPT":"text/html,application/xhtml+xml,application/xml;q=0.9,*/*;q=0.8","HTTP_USER_AGENT":"Mozilla/5.0 (Macintosh; Intel Mac OS X 10_15_7) AppleWebKit/605.1.15 (KHTML, like Gecko) Version/14.1.1 Safari/605.1.15","HTTP_ACCEPT_LANGUAGE":"en-us","HTTP_ACCEPT_ENCODING":"gzip, deflate","HTTP_CONNECTION":"keep-alive","SERVER_NAME":"localhost","SERVER_PORT":"3000","PATH_INFO":"/home/contact","REMOTE_ADDR":"127.0.0.1","ROUTES_70272221689420_SCRIPT_NAME":"","ORIGINAL_FULLPATH":"/home/contact","ORIGINAL_SCRIPT_NAME":""},"format":"html","method":"GET","path":"/home/contact","status":200,"view_runtime":11.731999926269054,"db_runtime":0},"time":"2021-08-21T23:23:57.179+03:00","transaction_id":"a1d118a2b1f1c091b7c8","end":"2021-08-21T23:23:57.193+03:00","children":[],"duration":14.056000000000001}]