[{"name":"render_template.action_view","payload":{"identifier":"/Users/mubarak2507/Desktop/272_Summer/Phase3/Creamery/app/views/home/privacy.html.erb","layout":"layouts/application"},"time":"2021-08-21T23:26:29.391+03:00","transaction_id":"0a670ab92a9a969f8b21","end":"2021-08-21T23:26:29.392+03:00","children":[],"duration":1.4189999999999998},{"name":"process_action.action_controller","payload":{"controller":"HomeController","action":"privacy","params":{"controller":"home","action":"privacy"},"headers":{"SCRIPT_NAME":"","QUERY_STRING":"","SERVER_PROTOCOL":"HTTP/1.1","SERVER_SOFTWARE":"puma 3.11.0 Love Song","GATEWAY_INTERFACE":"CGI/1.2","REQUEST_METHOD":"GET","REQUEST_PATH":"/home/privacy","REQUEST_URI":"/home/privacy","HTTP_VERSION":"HTTP/1.1","HTTP_HOST":"localhost:3000","HTTP_COOKIE":"_creamery_session=eJAvPNPtKTTTkxrVajxnsfw9jVLSy6KFQfs9Ac3pEI8xaqEvCVO9%2B6clX3E%2B6vvEJqh960OEJfpi95AHJzBKND%2F62mhPKCBm%2B4WvrN8WN4xN1asLO4zcva5vXyrHPURVrGbAyqcfJsYa5lmW428%3D--7IHG4vyfaAJ1HvAd--Bv%2F0cZ0Xf%2Fj0MKibQoTCXA%3D%3D; BetterErrors-2.9.1-CSRF-Token=e6537df8-c0d1-452e-9568-eeef6bc64784","HTTP_CONNECTION":"keep-alive","HTTP_IF_NONE_MATCH":"W/\"bc9a841e1cac5f5ee9c6b1bb52799b6e\"","HTTP_UPGRADE_INSECURE_REQUESTS":"1","HTTP_ACCEPT":"text/html,application/xhtml+xml,application/xml;q=0.9,*/*;q=0.8","HTTP_USER_AGENT":"Mozilla/5.0 (Macintosh; Intel Mac OS X 10_15_7) AppleWebKit/605.1.15 (KHTML, like Gecko) Version/14.1.1 Safari/605.1.15","HTTP_REFERER":"http://localhost:3000/home/privacy","HTTP_ACCEPT_LANGUAGE":"en-us","HTTP_ACCEPT_ENCODING":"gzip, deflate","SERVER_NAME":"localhost","SERVER_PORT":"3000","PATH_INFO":"/home/privacy","REMOTE_ADDR":"127.0.0.1","ROUTES_70272221689420_SCRIPT_NAME":"","ORIGINAL_FULLPATH":"/home/privacy","ORIGINAL_SCRIPT_NAME":""},"format":"html","method":"GET","path":"/home/privacy","status":200,"view_runtime":8.551999926567078,"db_runtime":0},"time":"2021-08-21T23:26:29.381+03:00","transaction_id":"0a670ab92a9a969f8b21","end":"2021-08-21T23:26:29.393+03:00","children":[],"duration":12.485}]