[{"name":"render_template.action_view","payload":{"identifier":"/Users/mubarak2507/Desktop/272_Summer/Phase3/Creamery/app/views/home/index.html.erb","layout":"layouts/application"},"time":"2021-08-21T23:29:00.111+03:00","transaction_id":"a1d118a2b1f1c091b7c8","end":"2021-08-21T23:29:00.112+03:00","children":[],"duration":0.662},{"name":"process_action.action_controller","payload":{"controller":"HomeController","action":"index","params":{"controller":"home","action":"index"},"headers":{"SCRIPT_NAME":"","QUERY_STRING":"","SERVER_PROTOCOL":"HTTP/1.1","SERVER_SOFTWARE":"puma 3.11.0 Love Song","GATEWAY_INTERFACE":"CGI/1.2","REQUEST_METHOD":"GET","REQUEST_PATH":"/home","REQUEST_URI":"/home","HTTP_VERSION":"HTTP/1.1","HTTP_HOST":"localhost:3000","HTTP_COOKIE":"_creamery_session=n4NfrKHTUl%2B3meszZex%2B33r7ZVPUCYIpEeaEM%2BxrXWvcUkoeW2ECG8vom1Dnywabfk7RqDdLJXmpoEH9E%2B1JPrPDZmPN50bx2tx5xNNM%2BShsxOlTBkiuhMbkrYKTz8bGLWb9pXcPyAjTH9itCKA%3D--%2FgLhel9yfF1N9MsY--NDU9XpvmdfJ92Ip6GHiZ0A%3D%3D; BetterErrors-2.9.1-CSRF-Token=e6537df8-c0d1-452e-9568-eeef6bc64784","HTTP_IF_NONE_MATCH":"W/\"47ab669b8c9deaff51d36935e2f5d8e3\"","HTTP_UPGRADE_INSECURE_REQUESTS":"1","HTTP_ACCEPT":"text/html,application/xhtml+xml,application/xml;q=0.9,*/*;q=0.8","HTTP_USER_AGENT":"Mozilla/5.0 (Macintosh; Intel Mac OS X 10_15_7) AppleWebKit/605.1.15 (KHTML, like Gecko) Version/14.1.1 Safari/605.1.15","HTTP_ACCEPT_LANGUAGE":"en-us","HTTP_ACCEPT_ENCODING":"gzip, deflate","HTTP_CONNECTION":"keep-alive","SERVER_NAME":"localhost","SERVER_PORT":"3000","PATH_INFO":"/home","REMOTE_ADDR":"127.0.0.1","ROUTES_70272221689420_SCRIPT_NAME":"","ORIGINAL_FULLPATH":"/home","ORIGINAL_SCRIPT_NAME":""},"format":"html","method":"GET","path":"/home","status":200,"view_runtime":6.07800018042326,"db_runtime":0},"time":"2021-08-21T23:29:00.104+03:00","transaction_id":"a1d118a2b1f1c091b7c8","end":"2021-08-21T23:29:00.113+03:00","children":[],"duration":8.122}]