[{"name":"render_template.action_view","payload":{"identifier":"/Users/mubarak2507/Desktop/272_Summer/Phase3/Creamery/app/views/home/contact.html.erb","layout":"layouts/application"},"time":"2021-08-21T23:26:32.079+03:00","transaction_id":"2ebdc6da9c2ca4d87c15","end":"2021-08-21T23:26:32.080+03:00","children":[],"duration":0.607},{"name":"process_action.action_controller","payload":{"controller":"HomeController","action":"contact","params":{"controller":"home","action":"contact"},"headers":{"SCRIPT_NAME":"","QUERY_STRING":"","SERVER_PROTOCOL":"HTTP/1.1","SERVER_SOFTWARE":"puma 3.11.0 Love Song","GATEWAY_INTERFACE":"CGI/1.2","REQUEST_METHOD":"GET","REQUEST_PATH":"/home/contact","REQUEST_URI":"/home/contact","HTTP_VERSION":"HTTP/1.1","HTTP_HOST":"localhost:3000","HTTP_COOKIE":"_creamery_session=nOyMRaQKv6wx9g1BLYrMUjenwLNruXZ2pNm5nNAA2p%2FumAVihsGSiK4Cz7JGE7aSbLmfb5KoHIye%2F7yHLgbAS8atLGCS1ySNDlP2cEsObCq%2BuR7QgJ2UemyGnyHBFK7LfT21zeChUCWFDXSogNo%3D--sGOxpNNdaY66CH%2Ft--lWGTpA%2BpSbUseWG3Ood8Kg%3D%3D; BetterErrors-2.9.1-CSRF-Token=e6537df8-c0d1-452e-9568-eeef6bc64784","HTTP_CONNECTION":"keep-alive","HTTP_IF_NONE_MATCH":"W/\"71d15d5dafd3289303d9b0c06d9b0fae\"","HTTP_UPGRADE_INSECURE_REQUESTS":"1","HTTP_ACCEPT":"text/html,application/xhtml+xml,application/xml;q=0.9,*/*;q=0.8","HTTP_USER_AGENT":"Mozilla/5.0 (Macintosh; Intel Mac OS X 10_15_7) AppleWebKit/605.1.15 (KHTML, like Gecko) Version/14.1.1 Safari/605.1.15","HTTP_REFERER":"http://localhost:3000/home/privacy","HTTP_ACCEPT_LANGUAGE":"en-us","HTTP_ACCEPT_ENCODING":"gzip, deflate","SERVER_NAME":"localhost","SERVER_PORT":"3000","PATH_INFO":"/home/contact","REMOTE_ADDR":"127.0.0.1","ROUTES_70272221689420_SCRIPT_NAME":"","ORIGINAL_FULLPATH":"/home/contact","ORIGINAL_SCRIPT_NAME":""},"format":"html","method":"GET","path":"/home/contact","status":200,"view_runtime":7.405000273138285,"db_runtime":0},"time":"2021-08-21T23:26:32.065+03:00","transaction_id":"2ebdc6da9c2ca4d87c15","end":"2021-08-21T23:26:32.081+03:00","children":[],"duration":15.953999999999999}]