[{"name":"render_template.action_view","payload":{"identifier":"/Users/mubarak2507/Desktop/272_Summer/Phase3/Creamery/app/views/home/privacy.html.erb","layout":"layouts/application"},"time":"2021-08-21T23:30:31.844+03:00","transaction_id":"1ead0ae9a172dc7567b2","end":"2021-08-21T23:30:31.845+03:00","children":[],"duration":0.623},{"name":"process_action.action_controller","payload":{"controller":"HomeController","action":"privacy","params":{"controller":"home","action":"privacy"},"headers":{"SCRIPT_NAME":"","QUERY_STRING":"","SERVER_PROTOCOL":"HTTP/1.1","SERVER_SOFTWARE":"puma 3.11.0 Love Song","GATEWAY_INTERFACE":"CGI/1.2","REQUEST_METHOD":"GET","REQUEST_PATH":"/home/privacy","REQUEST_URI":"/home/privacy","HTTP_VERSION":"HTTP/1.1","HTTP_HOST":"localhost:3000","HTTP_COOKIE":"_creamery_session=QAtGB98tbCM7RCpthD7Z4ne3l7yHFoUN5CZZcwkIJ%2Fg832cbnN9xApDQ1l84cTPYtPB2bn0FD6IpRRLMctAwymw32A7C1BAWYsnTo6uFA2uHuFO2qFG7MrvqUHkFJiaPjd4NX9YEtAr4o1WxPZ8%3D--IhgAhhScRzWqgSea--FVqyyGf3c4nIrCL1Rcttwg%3D%3D; BetterErrors-2.9.1-CSRF-Token=e6537df8-c0d1-452e-9568-eeef6bc64784","HTTP_CONNECTION":"keep-alive","HTTP_IF_NONE_MATCH":"W/\"147e4bbfc240aaa0692a8710a75daee1\"","HTTP_UPGRADE_INSECURE_REQUESTS":"1","HTTP_ACCEPT":"text/html,application/xhtml+xml,application/xml;q=0.9,*/*;q=0.8","HTTP_USER_AGENT":"Mozilla/5.0 (Macintosh; Intel Mac OS X 10_15_7) AppleWebKit/605.1.15 (KHTML, like Gecko) Version/14.1.1 Safari/605.1.15","HTTP_REFERER":"http://localhost:3000/home/about","HTTP_ACCEPT_LANGUAGE":"en-us","HTTP_ACCEPT_ENCODING":"gzip, deflate","SERVER_NAME":"localhost","SERVER_PORT":"3000","PATH_INFO":"/home/privacy","REMOTE_ADDR":"127.0.0.1","ROUTES_70272221689420_SCRIPT_NAME":"","ORIGINAL_FULLPATH":"/home/privacy","ORIGINAL_SCRIPT_NAME":""},"format":"html","method":"GET","path":"/home/privacy","status":200,"view_runtime":7.381000090390444,"db_runtime":0},"time":"2021-08-21T23:30:31.835+03:00","transaction_id":"1ead0ae9a172dc7567b2","end":"2021-08-21T23:30:31.845+03:00","children":[],"duration":9.907}]