[{"name":"render_template.action_view","payload":{"identifier":"/Users/mubarak2507/Desktop/272_Summer/Phase3/Creamery/app/views/home/about.html.erb","layout":"layouts/application"},"time":"2021-08-21T23:26:33.865+03:00","transaction_id":"651952d31bc955e4eee6","end":"2021-08-21T23:26:33.867+03:00","children":[],"duration":1.479},{"name":"process_action.action_controller","payload":{"controller":"HomeController","action":"about","params":{"controller":"home","action":"about"},"headers":{"SCRIPT_NAME":"","QUERY_STRING":"","SERVER_PROTOCOL":"HTTP/1.1","SERVER_SOFTWARE":"puma 3.11.0 Love Song","GATEWAY_INTERFACE":"CGI/1.2","REQUEST_METHOD":"GET","REQUEST_PATH":"/home/about","REQUEST_URI":"/home/about","HTTP_VERSION":"HTTP/1.1","HTTP_HOST":"localhost:3000","HTTP_COOKIE":"_creamery_session=qBbWV7hn%2FEFJVf9IWc70%2B9CcLNawqj8F0YCEbVvAP%2BViE94kE0T%2Bd7Rd3PcTWWzV2w25vtccuzGBGIg6a8RFeW%2FKGaljpYBa5qXj%2F8WggHJhQ9mfD3Qt1JV1vphfCeKuqsD%2Bk%2BWy4YI31j7MYi0%3D--pPVsuI%2B%2FrFETQbMl--LHRT0tLlRf2%2FMCKCvEj%2BGA%3D%3D; BetterErrors-2.9.1-CSRF-Token=e6537df8-c0d1-452e-9568-eeef6bc64784","HTTP_CONNECTION":"keep-alive","HTTP_IF_NONE_MATCH":"W/\"d1e2e8b2a87c5ff759959ff79bc3d806\"","HTTP_UPGRADE_INSECURE_REQUESTS":"1","HTTP_ACCEPT":"text/html,application/xhtml+xml,application/xml;q=0.9,*/*;q=0.8","HTTP_USER_AGENT":"Mozilla/5.0 (Macintosh; Intel Mac OS X 10_15_7) AppleWebKit/605.1.15 (KHTML, like Gecko) Version/14.1.1 Safari/605.1.15","HTTP_REFERER":"http://localhost:3000/home/privacy","HTTP_ACCEPT_LANGUAGE":"en-us","HTTP_ACCEPT_ENCODING":"gzip, deflate","SERVER_NAME":"localhost","SERVER_PORT":"3000","PATH_INFO":"/home/about","REMOTE_ADDR":"127.0.0.1","ROUTES_70272221689420_SCRIPT_NAME":"","ORIGINAL_FULLPATH":"/home/about","ORIGINAL_SCRIPT_NAME":""},"format":"html","method":"GET","path":"/home/about","status":200,"view_runtime":8.098999969661236,"db_runtime":0},"time":"2021-08-21T23:26:33.856+03:00","transaction_id":"651952d31bc955e4eee6","end":"2021-08-21T23:26:33.867+03:00","children":[],"duration":11.193}]