[{"name":"render_template.action_view","payload":{"identifier":"/Users/mubarak2507/Desktop/272_Summer/Phase3/Creamery/app/views/home/about.html.erb","layout":"layouts/application"},"time":"2021-08-21T23:29:01.604+03:00","transaction_id":"2ebdc6da9c2ca4d87c15","end":"2021-08-21T23:29:01.605+03:00","children":[],"duration":0.6880000000000001},{"name":"process_action.action_controller","payload":{"controller":"HomeController","action":"about","params":{"controller":"home","action":"about"},"headers":{"SCRIPT_NAME":"","QUERY_STRING":"","SERVER_PROTOCOL":"HTTP/1.1","SERVER_SOFTWARE":"puma 3.11.0 Love Song","GATEWAY_INTERFACE":"CGI/1.2","REQUEST_METHOD":"GET","REQUEST_PATH":"/home/about","REQUEST_URI":"/home/about","HTTP_VERSION":"HTTP/1.1","HTTP_HOST":"localhost:3000","HTTP_COOKIE":"_creamery_session=tGKoadihf4jsNDXAKIyuRK6wvszl%2FHqAIr8yzw8S3dzwZKeWh2S93ZTMa5GJ5V4t05NjMnz8xOoUPk7pSfbji8gp7RpR6Rs4un9ev8qHQvhAK9%2FOKSMZnRl8We3XrHQ6yhubzp5Gol98SKPiUis%3D--sT3ApFcEjB7XGx%2Ba--Wk9bZbQhWnyCu1zy8si0oA%3D%3D; BetterErrors-2.9.1-CSRF-Token=e6537df8-c0d1-452e-9568-eeef6bc64784","HTTP_CONNECTION":"keep-alive","HTTP_IF_NONE_MATCH":"W/\"e99f740271a1f91513e306bb15451fd6\"","HTTP_UPGRADE_INSECURE_REQUESTS":"1","HTTP_ACCEPT":"text/html,application/xhtml+xml,application/xml;q=0.9,*/*;q=0.8","HTTP_USER_AGENT":"Mozilla/5.0 (Macintosh; Intel Mac OS X 10_15_7) AppleWebKit/605.1.15 (KHTML, like Gecko) Version/14.1.1 Safari/605.1.15","HTTP_REFERER":"http://localhost:3000/home","HTTP_ACCEPT_LANGUAGE":"en-us","HTTP_ACCEPT_ENCODING":"gzip, deflate","SERVER_NAME":"localhost","SERVER_PORT":"3000","PATH_INFO":"/home/about","REMOTE_ADDR":"127.0.0.1","ROUTES_70272221689420_SCRIPT_NAME":"","ORIGINAL_FULLPATH":"/home/about","ORIGINAL_SCRIPT_NAME":""},"format":"html","method":"GET","path":"/home/about","status":200,"view_runtime":7.534999866038561,"db_runtime":0},"time":"2021-08-21T23:29:01.595+03:00","transaction_id":"2ebdc6da9c2ca4d87c15","end":"2021-08-21T23:29:01.605+03:00","children":[],"duration":10.427999999999999}]