[{"name":"render_template.action_view","payload":{"identifier":"/Users/mubarak2507/Desktop/272_Summer/Phase3/Creamery/app/views/home/about.html.erb","layout":"layouts/application"},"time":"2021-08-21T23:30:30.152+03:00","transaction_id":"0a670ab92a9a969f8b21","end":"2021-08-21T23:30:30.153+03:00","children":[],"duration":0.637},{"name":"process_action.action_controller","payload":{"controller":"HomeController","action":"about","params":{"controller":"home","action":"about"},"headers":{"SCRIPT_NAME":"","QUERY_STRING":"","SERVER_PROTOCOL":"HTTP/1.1","SERVER_SOFTWARE":"puma 3.11.0 Love Song","GATEWAY_INTERFACE":"CGI/1.2","REQUEST_METHOD":"GET","REQUEST_PATH":"/home/about","REQUEST_URI":"/home/about","HTTP_VERSION":"HTTP/1.1","HTTP_HOST":"localhost:3000","HTTP_COOKIE":"_creamery_session=p0JfjNnmHAqR5NtiAOOUGDU4yMQXQSj%2BjfQhGNiKhrfYA%2F01xlOyCyqnrIhw0SPWujvSSabfzeKpwR%2FsQlt3mOKL6xnBDJMuPy0d5alMu%2BSoGDv8flK9Og8s%2B9MuH2otnGU3cHlT5BIToPgnDC8%3D--5sKcIYhaqp8Z%2FIWi--RnXY7wd0AUOVSiwZM0wi%2Fg%3D%3D; BetterErrors-2.9.1-CSRF-Token=e6537df8-c0d1-452e-9568-eeef6bc64784","HTTP_CONNECTION":"keep-alive","HTTP_IF_NONE_MATCH":"W/\"a53ccbeaf7af0ed7e77b36417fd645b0\"","HTTP_UPGRADE_INSECURE_REQUESTS":"1","HTTP_ACCEPT":"text/html,application/xhtml+xml,application/xml;q=0.9,*/*;q=0.8","HTTP_USER_AGENT":"Mozilla/5.0 (Macintosh; Intel Mac OS X 10_15_7) AppleWebKit/605.1.15 (KHTML, like Gecko) Version/14.1.1 Safari/605.1.15","HTTP_REFERER":"http://localhost:3000/home/about","HTTP_ACCEPT_LANGUAGE":"en-us","HTTP_ACCEPT_ENCODING":"gzip, deflate","SERVER_NAME":"localhost","SERVER_PORT":"3000","PATH_INFO":"/home/about","REMOTE_ADDR":"127.0.0.1","ROUTES_70272221689420_SCRIPT_NAME":"","ORIGINAL_FULLPATH":"/home/about","ORIGINAL_SCRIPT_NAME":""},"format":"html","method":"GET","path":"/home/about","status":200,"view_runtime":7.62300007045269,"db_runtime":0},"time":"2021-08-21T23:30:30.143+03:00","transaction_id":"0a670ab92a9a969f8b21","end":"2021-08-21T23:30:30.153+03:00","children":[],"duration":10.177}]