[{"name":"render_template.action_view","payload":{"identifier":"/Users/mubarak2507/Desktop/272_Summer/Phase3/Creamery/app/views/home/contact.html.erb","layout":"layouts/application"},"time":"2021-08-21T23:30:33.022+03:00","transaction_id":"651952d31bc955e4eee6","end":"2021-08-21T23:30:33.023+03:00","children":[],"duration":1.219},{"name":"process_action.action_controller","payload":{"controller":"HomeController","action":"contact","params":{"controller":"home","action":"contact"},"headers":{"SCRIPT_NAME":"","QUERY_STRING":"","SERVER_PROTOCOL":"HTTP/1.1","SERVER_SOFTWARE":"puma 3.11.0 Love Song","GATEWAY_INTERFACE":"CGI/1.2","REQUEST_METHOD":"GET","REQUEST_PATH":"/home/contact","REQUEST_URI":"/home/contact","HTTP_VERSION":"HTTP/1.1","HTTP_HOST":"localhost:3000","HTTP_COOKIE":"_creamery_session=37J%2F1yuh0L3ema3gwcBDdRdhO80PIL9Y17xodmIJ1DZGsDVidn23KYq24gd1A%2BhloEsUC7LTTBDt%2F30nEKgk%2F3K7E%2B7AKQERPMgC2cBeo5PIquBaypDZnfc%2FlQy%2FoRSw%2BwExu1KamMQOmwt1iII%3D--1qPqFxfwlW2cFkYe--%2FiF2PYkaJIhiVw4RIVoUeQ%3D%3D; BetterErrors-2.9.1-CSRF-Token=e6537df8-c0d1-452e-9568-eeef6bc64784","HTTP_CONNECTION":"keep-alive","HTTP_IF_NONE_MATCH":"W/\"87b4f732b47d7671a22c58a70c1ad226\"","HTTP_UPGRADE_INSECURE_REQUESTS":"1","HTTP_ACCEPT":"text/html,application/xhtml+xml,application/xml;q=0.9,*/*;q=0.8","HTTP_USER_AGENT":"Mozilla/5.0 (Macintosh; Intel Mac OS X 10_15_7) AppleWebKit/605.1.15 (KHTML, like Gecko) Version/14.1.1 Safari/605.1.15","HTTP_REFERER":"http://localhost:3000/home/privacy","HTTP_ACCEPT_LANGUAGE":"en-us","HTTP_ACCEPT_ENCODING":"gzip, deflate","SERVER_NAME":"localhost","SERVER_PORT":"3000","PATH_INFO":"/home/contact","REMOTE_ADDR":"127.0.0.1","ROUTES_70272221689420_SCRIPT_NAME":"","ORIGINAL_FULLPATH":"/home/contact","ORIGINAL_SCRIPT_NAME":""},"format":"html","method":"GET","path":"/home/contact","status":200,"view_runtime":7.710999809205532,"db_runtime":0},"time":"2021-08-21T23:30:33.012+03:00","transaction_id":"651952d31bc955e4eee6","end":"2021-08-21T23:30:33.023+03:00","children":[],"duration":10.864}]