[{"name":"render_template.action_view","payload":{"identifier":"/Users/mubarak2507/Desktop/272_Summer/Phase3/Creamery/app/views/home/index.html.erb","layout":"layouts/application"},"time":"2021-08-21T23:28:59.501+03:00","transaction_id":"0a670ab92a9a969f8b21","end":"2021-08-21T23:28:59.502+03:00","children":[],"duration":0.673},{"name":"process_action.action_controller","payload":{"controller":"HomeController","action":"index","params":{"controller":"home","action":"index"},"headers":{"SCRIPT_NAME":"","QUERY_STRING":"","SERVER_PROTOCOL":"HTTP/1.1","SERVER_SOFTWARE":"puma 3.11.0 Love Song","GATEWAY_INTERFACE":"CGI/1.2","REQUEST_METHOD":"GET","REQUEST_PATH":"/home","REQUEST_URI":"/home","HTTP_VERSION":"HTTP/1.1","HTTP_HOST":"localhost:3000","HTTP_COOKIE":"_creamery_session=QDw4HT7KYgt8oAInc0LdbjAxwiiOhRxXRhQ5af7hXTA9lgQAX9u%2BHv6yOgLKecQT%2FsilOKGLVR4uwzXkEeB1Ht7P1QT7fG3me0aoXxoGJBRpJiiD0vbmVKY2U4srS9P4fUQZJlBYVyIOrNnFp6o%3D--tfmwAJrnX46H2Eux--ttpDvgxQaGey6RYRMOvdtw%3D%3D; BetterErrors-2.9.1-CSRF-Token=e6537df8-c0d1-452e-9568-eeef6bc64784","HTTP_IF_NONE_MATCH":"W/\"3a78afca05f03f458a1fe190c9141d44\"","HTTP_UPGRADE_INSECURE_REQUESTS":"1","HTTP_ACCEPT":"text/html,application/xhtml+xml,application/xml;q=0.9,*/*;q=0.8","HTTP_USER_AGENT":"Mozilla/5.0 (Macintosh; Intel Mac OS X 10_15_7) AppleWebKit/605.1.15 (KHTML, like Gecko) Version/14.1.1 Safari/605.1.15","HTTP_ACCEPT_LANGUAGE":"en-us","HTTP_ACCEPT_ENCODING":"gzip, deflate","HTTP_CONNECTION":"keep-alive","SERVER_NAME":"localhost","SERVER_PORT":"3000","PATH_INFO":"/home","REMOTE_ADDR":"127.0.0.1","ROUTES_70272221689420_SCRIPT_NAME":"","ORIGINAL_FULLPATH":"/home","ORIGINAL_SCRIPT_NAME":""},"format":"html","method":"GET","path":"/home","status":200,"view_runtime":7.307999767363071,"db_runtime":0},"time":"2021-08-21T23:28:59.492+03:00","transaction_id":"0a670ab92a9a969f8b21","end":"2021-08-21T23:28:59.502+03:00","children":[],"duration":9.952}]