[{"name":"render_template.action_view","payload":{"identifier":"/Users/mubarak2507/Desktop/272_Summer/Phase3/Creamery/app/views/home/contact.html.erb","layout":"layouts/application"},"time":"2021-08-21T23:22:18.936+03:00","transaction_id":"2ebdc6da9c2ca4d87c15","end":"2021-08-21T23:22:18.938+03:00","children":[],"duration":1.611},{"name":"process_action.action_controller","payload":{"controller":"HomeController","action":"contact","params":{"controller":"home","action":"contact"},"headers":{"SCRIPT_NAME":"","QUERY_STRING":"","SERVER_PROTOCOL":"HTTP/1.1","SERVER_SOFTWARE":"puma 3.11.0 Love Song","GATEWAY_INTERFACE":"CGI/1.2","REQUEST_METHOD":"GET","REQUEST_PATH":"/home/contact","REQUEST_URI":"/home/contact","HTTP_VERSION":"HTTP/1.1","HTTP_HOST":"localhost:3000","HTTP_COOKIE":"_creamery_session=xhPSmEK0iq8BpghW3T4Cjbqv9eFl66cRdL32%2B7w2FlFcdc1Ylw6q6eUF6Wu10G7XA1qDWOD1KJTVkcHsm97gsaltLR%2FGsXcrf5%2FHKhtV%2BMDto0C1J6SoqjMzQSjJQEQDEiC%2FMaAjbup8LlTXoXw%3D--%2Fnjn0Gha43udRXeG--dAp8ceKOMe4qcUL4si7GTg%3D%3D; BetterErrors-2.9.1-CSRF-Token=e6537df8-c0d1-452e-9568-eeef6bc64784","HTTP_CONNECTION":"keep-alive","HTTP_UPGRADE_INSECURE_REQUESTS":"1","HTTP_ACCEPT":"text/html,application/xhtml+xml,application/xml;q=0.9,*/*;q=0.8","HTTP_USER_AGENT":"Mozilla/5.0 (Macintosh; Intel Mac OS X 10_15_7) AppleWebKit/605.1.15 (KHTML, like Gecko) Version/14.1.1 Safari/605.1.15","HTTP_REFERER":"http://localhost:3000/home/privacy","HTTP_ACCEPT_LANGUAGE":"en-us","HTTP_ACCEPT_ENCODING":"gzip, deflate","SERVER_NAME":"localhost","SERVER_PORT":"3000","PATH_INFO":"/home/contact","REMOTE_ADDR":"127.0.0.1","ROUTES_70272221689420_SCRIPT_NAME":"","ORIGINAL_FULLPATH":"/home/contact","ORIGINAL_SCRIPT_NAME":""},"format":"html","method":"GET","path":"/home/contact","status":200,"view_runtime":10.263999924063683,"db_runtime":0},"time":"2021-08-21T23:22:18.927+03:00","transaction_id":"2ebdc6da9c2ca4d87c15","end":"2021-08-21T23:22:18.940+03:00","children":[],"duration":12.968}]